type.name;costGb;cost;costTransaction
P10;0;19.71;0
P20;0;73.22;0
P30;0;135.17;0
S4;0;0.77;0.00000072
S6;0;1.5;0.00000072
S10;0;2.94;0.00000072
S20;0;10.88;0.00000072
S30;0;20.48;0.00000072